order_id,date,supplier,supplier_link,image,price,quantity,total_before_discount,total_after_discount
4187621487524729141,2025-02-07 16:28:47,汕头市潮南区峡山美积礼品盒包装厂,https://shop6m7759127m1t9.1688.com/?tracelog=contact_company,D:/download./test_files/O1CN01C3A7Ms1Bs31zL9JF6_!!0-0-cib.80x80.jpg,0.84,450,No total,No total
4187621487524729141,2025-02-07 16:28:47,汕头市潮南区峡山美积礼品盒包装厂,https://shop6m7759127m1t9.1688.com/?tracelog=contact_company,D:/download./test_files/O1CN01C3A7Ms1Bs31zL9JF6_!!0-0-cib.80x80.jpg,1.00,100,No total,No total
4187621487524729141,2025-01-08 14:01:36,莆田市秀屿区东峤九州珠宝首饰加工厂,https://shop2595701349y15.1688.com/?tracelog=contact_company,D:/download./test_files/O1CN01H9JhL81Bs2ySLZudE_!!0-0-cib.80x80.jpg,13.80,50,No total,No total
4187621487524729141,2025-01-08 14:01:36,莆田市秀屿区东峤九州珠宝首饰加工厂,https://shop2595701349y15.1688.com/?tracelog=contact_company,D:/download./test_files/O1CN01AwW8je1Bs2zl4qKlk_!!0-0-cib.80x80.jpg,19.00,30,No total,No total
4187621487524729141,2025-01-01 15:26:38,义乌市首秀饰品有限公司,https://juxinsp20080808.1688.com/?tracelog=contact_company,D:/download./test_files/O1CN011dppup1Bs30TIAu02_!!0-0-cib.80x80.jpg,1.65,20,No total,No total
4187621487524729141,2025-01-01 15:26:38,义乌市首秀饰品有限公司,https://juxinsp20080808.1688.com/?tracelog=contact_company,D:/download./test_files/O1CN01ggwiKI1Bs30nXQ8H0_!!0-0-cib.80x80.jpg,5.40,16,No total,No total
4187621487524729141,2025-01-01 15:26:38,义乌市首秀饰品有限公司,https://juxinsp20080808.1688.com/?tracelog=contact_company,D:/download./test_files/O1CN01iU9g7b1Bs31a9IRYf_!!0-0-cib.80x80.jpg,5.40,16,No total,No total
4187621487524729141,2025-01-01 15:26:38,义乌市宏优贸易有限公司,https://shop1477413799504.1688.com/?tracelog=contact_company,D:/download./test_files/O1CN01NHRV8X1Bs30amzu5O_!!0-0-cib.80x80.jpg,13.00,12,No total,No total
4187621487524729141,2025-01-01 15:26:38,义乌市宏优贸易有限公司,https://shop1477413799504.1688.com/?tracelog=contact_company,D:/download./test_files/O1CN01lUpwr81Bs31J1qMha_!!0-0-cib.80x80.jpg,13.60,12,No total,No total
4187621487524729141,2025-01-01 15:26:38,义乌市宏优贸易有限公司,https://shop1477413799504.1688.com/?tracelog=contact_company,D:/download./test_files/O1CN01tKgXUx1Bs2yzP6tqL_!!0-0-cib.80x80.jpg,12.50,16,No total,No total
4187621487524729141,2025-01-01 15:26:38,义乌市米克饰品有限公司,https://mikeacc.1688.com/?tracelog=contact_company,D:/download./test_files/O1CN01vEWGjY1Bs2zx1KkuV_!!0-0-cib.80x80.jpg,13.60,16,No total,No total
4187621487524729141,2025-01-01 15:26:38,义乌市米克饰品有限公司,https://mikeacc.1688.com/?tracelog=contact_company,D:/download./test_files/O1CN01l9Fe6A1Bs2yHxYpu4_!!0-0-cib.80x80.jpg,10.80,12,No total,No total
4187621487524729141,2025-01-01 15:26:38,义乌市米克饰品有限公司,https://mikeacc.1688.com/?tracelog=contact_company,D:/download./test_files/O1CN017XKDbW1Bs2zd9AYRb_!!0-0-cib.80x80.jpg,12.80,12,No total,No total
